
{"name" : "johndoe", "comment" : "Hey gee"}
{"name" : "johndoe", "comment" : "Hey gee"}
{"name" : "johndoe", "comment" : "Hey gee"}
{"name" : "johndoe", "comment" : "Yee budy"}
{"name" : "johndoe", "comment" : "We I the 🔥🔥🔥🔥"}
{"name" : "johndoe", "comment" : "Clear I ths clears"}
{"name" : "johndoe", "comment" : "Hello guys I m lookin' for the best game to play can I use the sdk I am using in the next days"}
{"name" : "johndoe", "comment" : "🔥🔥🔥"}
{"name" : "johndoe", "comment" : "Hey look at it right it"}
{"name" : "johndoe", "comment" : "Heat...."}
{"name" : "johndoe", "comment" : "......"}
{"name" : "johndoe", "comment" : "..👀👀👀"}
{"name" : "johndoe", "comment" : "Hello guys"}
{"name" : "johndoe", "comment" : "Hey here.."}
{"name" : "johndoe", "comment" : "Huge gang gang"}
