
{"name" : "johndoe", "comment" : "Hey gee"}
{"name" : "johndoe", "comment" : "Hey gee"}
{"name" : "johndoe", "comment" : "Hey gee"}
{"name" : "johndoe", "comment" : "Hey gee"}
{"name" : "johndoe", "comment" : "Hey gee"}
{"name" : "johndoe", "comment" : "Follow or go missing bitch????"}
{"name" : "johndoe", "comment" : "Middle finger nigger🖕🖕🖕🖕🖕"}
{"name" : "johndoe", "comment" : "Wooo"}
{"name" : "johndoe", "comment" : "Can I have the gang"}
{"name" : "johndoe", "comment" : "Look at your dead opps"}
{"name" : "johndoe", "comment" : "Yeah, ayy Yeah, ayy So close..  Sina bad time mi nna move on Sina dought mi nna move on Girl you know I really move on See me roll, mi nna move on  Mi nnatoka from the South Nacho drop, hawa marapaz can not try Check bars nazipanga like that Nawapangia hizo bars, wana ni admire, ayy  Sina bad time, yeah Mi nna cross the miles, yeah Napita through the seas, yeah Mi ni Rastaman, don't you really know it  Sina bad time, yeah Mi nna kill the dead opps, yeah Mi ni Rastaman, young nigga kwenye cab I don't fake it nasito fake, yeah  Mi ni Rastaman, young nigga kwenye cab Check na hizi swag, sijui mnataka niwaelezee Nigga from the South, na unyamwezi through my veins, Second round natua na Benz, uy  Sina muda wa kureply Sina huo muda wa kubishana sina vibe, ayy In the street I cop 11 ndo na ride Wambie wanao we got the magic sio surprise   Ay, I keep all my eyes open (open) Naona muda on my clock knockin' (tic toc) See my sisters on the gram knockin' Cuz ama a nigga with the lights, mi nna drop low"}
{"name" : "johndoe", "comment" : "Gang..."}
{"name" : "johndoe", "comment" : "Missing bitch..🤷🤷🤷"}
