
{"name" : "johndoe", "comment" : "Hey gee"}
{"name" : "johndoe", "comment" : "Hey gee"}
{"name" : "johndoe", "comment" : "Hey gee"}
{"name" : "johndoe", "comment" : "Hey gee"}
{"name" : "johndoe", "comment" : "I like this song ma nigga🔥🔥🔥"}
{"name" : "johndoe", "comment" : "I like this song ma nigga🔥🔥🔥"}
{"name" : "johndoe", "comment" : "I like this song ma nigga🔥🔥🔥 cool like this"}
{"name" : "johndoe", "comment" : "I like this song ma nigga🔥🔥🔥 cool like this is like the major label"}
{"name" : "johndoe", "comment" : "I like this song ma nigga🔥🔥🔥 cool like this is like the major label 
Coo ata the big city"}
{"name" : "johndoe", "comment" : "Head is it kid"}
{"name" : "johndoe", "comment" : "Am making this shit to work clearly"}
{"name" : "johndoe", "comment" : "Emotional God damn"}
{"name" : "johndoe", "comment" : "🔥🔥🔥🔥🔥"}
{"name" : "johndoe", "comment" : "Yoko hama"}
{"name" : "johndoe", "comment" : "Haha"}
{"name" : "johndoe", "comment" : "Hahaha☺️☺️☺️☺️"}
{"name" : "johndoe", "comment" : "I roll roll roll..... I got that from my bro🧙‍♂️🧙‍♂️🧙‍♂️🧙‍♂️"}
{"name" : "johndoe", "comment" : "Big crib nigga we made it"}
{"name" : "johndoe", "comment" : "Check it"}
