{"name" : "jane", "comment" : "wow this is lit"}
{"name" : "johndoe", "comment" : "Fam good"}
{"name" : "johndoe", "comment" : "Hey you get I 😀😀😀"}
{"name" : "johndoe", "comment" : "Hey this is hot gee"}
{"name" : "johndoe", "comment" : "See !!"}
{"name" : "johndoe", "comment" : "I got kid"}
{"name" : "johndoe", "comment" : "This is green"}
{"name" : "johndoe", "comment" : "I can clame the better choice 🔥🔥🔥🔥"}
{"name" : "johndoe", "comment" : "Oi inakuaje"}
{"name" : "johndoe", "comment" : "Junks"}
{"name" : "johndoe", "comment" : "Kerry looks so hot"}
{"name" : "johndoe", "comment" : "Hey this is lit🔥🔥🔥🔥"}
{"name" : "johndoe", "comment" : "Hey here..."}
{"name" : "johndoe", "comment" : "Here...."}
{"name" : "johndoe", "comment" : "Hey I like the song kidd"}
{"name" : "johndoe", "comment" : "Gee yo made it like an ass"}
{"name" : "johndoe", "comment" : "My amis"}
{"name" : "johndoe", "comment" : "Hello hooo"}
{"name" : "johndoe", "comment" : "Hello"}
{"name" : "johndoe", "comment" : "Clear sheet"}
{"name" : "johndoe", "comment" : "Hella this is clear bitch"}
{"name" : "johndoe", "comment" : "We can make it run"}
{"name" : "johndoe", "comment" : "Chears..."}
{"name" : "johndoe", "comment" : "Hello sjjs🖕🖕🖕"}
{"name" : "johndoe", "comment" : "Gana"}
{"name" : "johndoe", "comment" : "Get on the mike"}
{"name" : "johndoe", "comment" : "Juhhgd vhh"}
{"name" : "johndoe", "comment" : "Hell naw..."}
{"name" : "johndoe", "comment" : "How we made this🤷🤷🤷"}
