{"name" : "johndoe", "comment" : "I like this song dude"}
{"name" : "johndoe", "comment" : "So be hshhsbjjsjs sjjjbhd bsdjjdjdysvs sbhd bd dbdjjd dhjdjvd hddhjd dhdjjddd djdj dbhdhdd dbhd☺️☺️☺️😟☺️☺️ndd bdnjdjd.njsjdjdj dbdhjddb dbjdjhdbdjskoandh jskhd"}
{"name" : "johndoe", "comment" : "So be hshhsbjjsjs sjjjbhd bsdjjdjdysvs sbhd bd dbdjjd dhjdjvd hddhjd dhdjjddd djdj dbhdhdd dbhd☺️☺️☺️😟☺️☺️ndd bdnjdjd.njsjdjdj dbdhjddb dbjdjhdbdjskoandh jskhd"}
{"name" : "johndoe", "comment" : "So be hshhsbjjsjs sjjjbhd bsdjjbdhd bhdhhddjdysvs sbhd bd dbdjjd dhjdjvd hddhjd dhdjjddd djdj dbhdhdd dbhd☺️☺️☺️😟☺️☺️ndd bdnjdjd.njsjdjdj dbdhjddb dbjdjhdbdjskoandh jskhd"}
{"name" : "johndoe", "comment" : "Bad thin ever"}
{"name" : "johndoe", "comment" : "Hella lead"}
{"name" : "johndoe", "comment" : "God e I like the song"}
{"name" : "johndoe", "comment" : "We can make the movie"}
{"name" : "johndoe", "comment" : "You can make a great movie"}
{"name" : "johndoe", "comment" : "Giv this in turn man"}
{"name" : "johndoe", "comment" : "I like 🔥🔥🔥🔥🔥"}
{"name" : "johndoe", "comment" : "Trust in ......"}
{"name" : "johndoe", "comment" : "So whant love and trust"}
{"name" : "johndoe", "comment" : "Cuz you got it seee"}
{"name" : "johndoe", "comment" : "On god"}
{"name" : "johndoe", "comment" : "Wow yo made a. Wound bitch 🔥🔥🔥"}
{"name" : "johndoe", "comment" : "Gangs"}
{"name" : "johndoe", "comment" : "How is it gang"}
{"name" : "johndoe", "comment" : "Hey leo... Is hot man"}
{"name" : "johndoe", "comment" : "..😊😊😊😊"}
{"name" : "johndoe", "comment" : "Hello "}
{"name" : "johndoe", "comment" : "Hell"}
{"name" : "johndoe", "comment" : "Hell naw...👀👀👀"}
{"name" : "johndoe", "comment" : "I think that you got a demon in you"}
{"name" : "johndoe", "comment" : "Hot so hot🖕🖕"}
{"name" : "Nilcon", "comment" : "I see you!!!"}
{"name" : "Nilcon", "comment" : "Ganh"}
{"name" : "Nilcon", "comment" : "Gang"}
{"name" : "Nilcon", "comment" : "Look bitch...."}
{"name" : "Nilcon", "comment" : "Hey for the wau"}
